,id,name,uri,url
0,5YGY8feqx7naU7z4HrwZM6,Miley Cyrus,spotify:artist:5YGY8feqx7naU7z4HrwZM6,https://open.spotify.com/artist/5YGY8feqx7naU7z4HrwZM6
1,7n2wHs1TKAczGzO7Dd2rGr,Shawn Mendes,spotify:artist:7n2wHs1TKAczGzO7Dd2rGr,https://open.spotify.com/artist/7n2wHs1TKAczGzO7Dd2rGr
2,246dkjvS1zLTtiykXe5h60,Post Malone,spotify:artist:246dkjvS1zLTtiykXe5h60,https://open.spotify.com/artist/246dkjvS1zLTtiykXe5h60
3,4GNC7GD6oZMSxPGyXy4MNB,Lewis Capaldi,spotify:artist:4GNC7GD6oZMSxPGyXy4MNB,https://open.spotify.com/artist/4GNC7GD6oZMSxPGyXy4MNB
5,1LnBqMojv6Dv6DoPWTDSZ7,Saco,spotify:artist:1LnBqMojv6Dv6DoPWTDSZ7,https://open.spotify.com/artist/1LnBqMojv6Dv6DoPWTDSZ7
6,55Aa2cqylxrFIXC767Z865,Lil Wayne,spotify:artist:55Aa2cqylxrFIXC767Z865,https://open.spotify.com/artist/55Aa2cqylxrFIXC767Z865
7,7cyJzgiJTXR3hf62l5zLOr,Henri Purnell,spotify:artist:7cyJzgiJTXR3hf62l5zLOr,https://open.spotify.com/artist/7cyJzgiJTXR3hf62l5zLOr
8,3hv9jJF3adDNsBSIQDqcjp,Mark Ronson,spotify:artist:3hv9jJF3adDNsBSIQDqcjp,https://open.spotify.com/artist/3hv9jJF3adDNsBSIQDqcjp
9,4skzy1qEMyM3FqC3b6EjRU,Imad,spotify:artist:4skzy1qEMyM3FqC3b6EjRU,https://open.spotify.com/artist/4skzy1qEMyM3FqC3b6EjRU
10,5UUdxfBMwm0hLlLgnZtBFv,Madism,spotify:artist:5UUdxfBMwm0hLlLgnZtBFv,https://open.spotify.com/artist/5UUdxfBMwm0hLlLgnZtBFv
11,23fqKkggKUBHNkbKtXEls4,Kygo,spotify:artist:23fqKkggKUBHNkbKtXEls4,https://open.spotify.com/artist/23fqKkggKUBHNkbKtXEls4
12,1MIVXf74SZHmTIp4V4paH4,Mabel,spotify:artist:1MIVXf74SZHmTIp4V4paH4,https://open.spotify.com/artist/1MIVXf74SZHmTIp4V4paH4
14,0X2BH1fck6amBIoJhDVmmJ,Ellie Goulding,spotify:artist:0X2BH1fck6amBIoJhDVmmJ,https://open.spotify.com/artist/0X2BH1fck6amBIoJhDVmmJ
15,7CajNmpbOovFoOoasH2HaY,Calvin Harris,spotify:artist:7CajNmpbOovFoOoasH2HaY,https://open.spotify.com/artist/7CajNmpbOovFoOoasH2HaY
16,0xRXCcSX89eobfrshSVdyu,MEDUZA,spotify:artist:0xRXCcSX89eobfrshSVdyu,https://open.spotify.com/artist/0xRXCcSX89eobfrshSVdyu
17,3Isy6kedDrgPYoTS1dazA9,Sean Paul,spotify:artist:3Isy6kedDrgPYoTS1dazA9,https://open.spotify.com/artist/3Isy6kedDrgPYoTS1dazA9
18,06HL4z0CvFAxyc27GXpf02,Taylor Swift,spotify:artist:06HL4z0CvFAxyc27GXpf02,https://open.spotify.com/artist/06HL4z0CvFAxyc27GXpf02
19,6itjssbXTQ3rvcM8nLkkHi,Lex,spotify:artist:6itjssbXTQ3rvcM8nLkkHi,https://open.spotify.com/artist/6itjssbXTQ3rvcM8nLkkHi
20,0cYQPenhK6K02oHR5Wb0R1,Seolo,spotify:artist:0cYQPenhK6K02oHR5Wb0R1,https://open.spotify.com/artist/0cYQPenhK6K02oHR5Wb0R1
21,1HBjj22wzbscIZ9sEb5dyf,Jonas Blue,spotify:artist:1HBjj22wzbscIZ9sEb5dyf,https://open.spotify.com/artist/1HBjj22wzbscIZ9sEb5dyf
22,5WUlDfRSoLAfcVSX1WnrxN,Sia,spotify:artist:5WUlDfRSoLAfcVSX1WnrxN,https://open.spotify.com/artist/5WUlDfRSoLAfcVSX1WnrxN
23,6S2OmqARrzebs0tKUEyXyp,Demi Lovato,spotify:artist:6S2OmqARrzebs0tKUEyXyp,https://open.spotify.com/artist/6S2OmqARrzebs0tKUEyXyp
25,66CXWjxzNUsdJxJ2JdwvnR,Ariana Grande,spotify:artist:66CXWjxzNUsdJxJ2JdwvnR,https://open.spotify.com/artist/66CXWjxzNUsdJxJ2JdwvnR
26,7jVv8c5Fj3E9VhNjxT4snq,Lil Nas X,spotify:artist:7jVv8c5Fj3E9VhNjxT4snq,https://open.spotify.com/artist/7jVv8c5Fj3E9VhNjxT4snq
27,3e7awlrlDSwF3iM0WBjGMp,Little Mix,spotify:artist:3e7awlrlDSwF3iM0WBjGMp,https://open.spotify.com/artist/3e7awlrlDSwF3iM0WBjGMp
28,69GGBxA162lTqCwzJG5jLp,The Chainsmokers,spotify:artist:69GGBxA162lTqCwzJG5jLp,https://open.spotify.com/artist/69GGBxA162lTqCwzJG5jLp
29,1Xyo4u8uXC1ZmMpatF05PJ,The Weeknd,spotify:artist:1Xyo4u8uXC1ZmMpatF05PJ,https://open.spotify.com/artist/1Xyo4u8uXC1ZmMpatF05PJ
30,6sFIWsNpZYqfjUpaCgueju,Carly Rae Jepsen,spotify:artist:6sFIWsNpZYqfjUpaCgueju,https://open.spotify.com/artist/6sFIWsNpZYqfjUpaCgueju
31,2qxJFvFYMEDqd7ui6kSAcq,Zedd,spotify:artist:2qxJFvFYMEDqd7ui6kSAcq,https://open.spotify.com/artist/2qxJFvFYMEDqd7ui6kSAcq
32,3NPpFNZtSTHheNBaWC82rB,X Ambassadors,spotify:artist:3NPpFNZtSTHheNBaWC82rB,https://open.spotify.com/artist/3NPpFNZtSTHheNBaWC82rB
33,6Dd3NScHWwnW6obMFbl1BH,Daya,spotify:artist:6Dd3NScHWwnW6obMFbl1BH,https://open.spotify.com/artist/6Dd3NScHWwnW6obMFbl1BH
34,3BmGtnKgCSGYIUhmivXKWX,Kelly Clarkson,spotify:artist:3BmGtnKgCSGYIUhmivXKWX,https://open.spotify.com/artist/3BmGtnKgCSGYIUhmivXKWX
35,5p7f24Rk5HkUZsaS3BLG5F,Hailee Steinfeld,spotify:artist:5p7f24Rk5HkUZsaS3BLG5F,https://open.spotify.com/artist/5p7f24Rk5HkUZsaS3BLG5F
36,02A3cEvlLLCbIMVDrK2GHV,Starley,spotify:artist:02A3cEvlLLCbIMVDrK2GHV,https://open.spotify.com/artist/02A3cEvlLLCbIMVDrK2GHV
37,2wY79sveU1sp5g7SokKOiI,Sam Smith,spotify:artist:2wY79sveU1sp5g7SokKOiI,https://open.spotify.com/artist/2wY79sveU1sp5g7SokKOiI
38,2kucQ9jQwuD8jWdtR9Ef38,Sam Hunt,spotify:artist:2kucQ9jQwuD8jWdtR9Ef38,https://open.spotify.com/artist/2kucQ9jQwuD8jWdtR9Ef38
40,7qG3b048QCHVRO5Pv1T5lw,Enrique Iglesias,spotify:artist:7qG3b048QCHVRO5Pv1T5lw,https://open.spotify.com/artist/7qG3b048QCHVRO5Pv1T5lw
41,738wLrAtLtCtFOLvQBXOXp,Major Lazer,spotify:artist:738wLrAtLtCtFOLvQBXOXp,https://open.spotify.com/artist/738wLrAtLtCtFOLvQBXOXp
42,2KsP6tYLJlTBvSUxnwlVWa,Mike Posner,spotify:artist:2KsP6tYLJlTBvSUxnwlVWa,https://open.spotify.com/artist/2KsP6tYLJlTBvSUxnwlVWa
44,0TnOYISbd1XYRBk9myaseg,Pitbull,spotify:artist:0TnOYISbd1XYRBk9myaseg,https://open.spotify.com/artist/0TnOYISbd1XYRBk9myaseg
45,4VMYDCV2IEDYJArk749S6m,Daddy Yankee,spotify:artist:4VMYDCV2IEDYJArk749S6m,https://open.spotify.com/artist/4VMYDCV2IEDYJArk749S6m
47,5CCwRZC6euC8Odo6y9X8jr,Rita Ora,spotify:artist:5CCwRZC6euC8Odo6y9X8jr,https://open.spotify.com/artist/5CCwRZC6euC8Odo6y9X8jr
49,0jnsk9HBra6NMjO2oANoPY,Flo Rida,spotify:artist:0jnsk9HBra6NMjO2oANoPY,https://open.spotify.com/artist/0jnsk9HBra6NMjO2oANoPY
50,3FUY2gzHeIiaesXtOAdB7A,Train,spotify:artist:3FUY2gzHeIiaesXtOAdB7A,https://open.spotify.com/artist/3FUY2gzHeIiaesXtOAdB7A
51,5pKCCKE2ajJHZ9KAiaK11H,Rihanna,spotify:artist:5pKCCKE2ajJHZ9KAiaK11H,https://open.spotify.com/artist/5pKCCKE2ajJHZ9KAiaK11H
52,1KCSPY1glIKqW2TotWuXOR,P!nk,spotify:artist:1KCSPY1glIKqW2TotWuXOR,https://open.spotify.com/artist/1KCSPY1glIKqW2TotWuXOR
54,1vCWHaC5f2uS3yhpwWbIA6,Avicii,spotify:artist:1vCWHaC5f2uS3yhpwWbIA6,https://open.spotify.com/artist/1vCWHaC5f2uS3yhpwWbIA6
55,2gsggkzM5R49q6jpPvazou,Jessie J,spotify:artist:2gsggkzM5R49q6jpPvazou,https://open.spotify.com/artist/2gsggkzM5R49q6jpPvazou
56,4QVBYiagIaa6ZGSPMbybpy,Pedro Capó,spotify:artist:4QVBYiagIaa6ZGSPMbybpy,https://open.spotify.com/artist/4QVBYiagIaa6ZGSPMbybpy
57,1bT7m67vi78r2oqvxrP3X5,Naughty Boy,spotify:artist:1bT7m67vi78r2oqvxrP3X5,https://open.spotify.com/artist/1bT7m67vi78r2oqvxrP3X5
58,7bXgB6jMjp9ATFy66eO08Z,Chris Brown,spotify:artist:7bXgB6jMjp9ATFy66eO08Z,https://open.spotify.com/artist/7bXgB6jMjp9ATFy66eO08Z
59,2wUjUUtkb5lvLKcGKsKqsR,Alessia Cara,spotify:artist:2wUjUUtkb5lvLKcGKsKqsR,https://open.spotify.com/artist/2wUjUUtkb5lvLKcGKsKqsR
61,2AQjGvtT0pFYfxR3neFcvz,Jordin Sparks,spotify:artist:2AQjGvtT0pFYfxR3neFcvz,https://open.spotify.com/artist/2AQjGvtT0pFYfxR3neFcvz
63,07YZf4WDAMNwqr4jfgOZ8y,Jason Derulo,spotify:artist:07YZf4WDAMNwqr4jfgOZ8y,https://open.spotify.com/artist/07YZf4WDAMNwqr4jfgOZ8y
64,1HY2Jd0NmPuamShAr6KMms,Lady Gaga,spotify:artist:1HY2Jd0NmPuamShAr6KMms,https://open.spotify.com/artist/1HY2Jd0NmPuamShAr6KMms
65,7dGJo4pcD2V6oG8kP0tJRR,Eminem,spotify:artist:7dGJo4pcD2V6oG8kP0tJRR,https://open.spotify.com/artist/7dGJo4pcD2V6oG8kP0tJRR
66,6MF9fzBmfXghAz953czmBC,Taio Cruz,spotify:artist:6MF9fzBmfXghAz953czmBC,https://open.spotify.com/artist/6MF9fzBmfXghAz953czmBC
67,2ZRQcIgzPCVaT9XKhXZIzh,Gryffin,spotify:artist:2ZRQcIgzPCVaT9XKhXZIzh,https://open.spotify.com/artist/2ZRQcIgzPCVaT9XKhXZIzh
68,085pc2PYOi8bGKj0PNjekA,will.i.am,spotify:artist:085pc2PYOi8bGKj0PNjekA,https://open.spotify.com/artist/085pc2PYOi8bGKj0PNjekA
69,37GUqxafAvAKGMZbXCUnmr,Mohombi,spotify:artist:37GUqxafAvAKGMZbXCUnmr,https://open.spotify.com/artist/37GUqxafAvAKGMZbXCUnmr
71,2DlGxzQSjYe5N6G9nkYghR,Jennifer Lopez,spotify:artist:2DlGxzQSjYe5N6G9nkYghR,https://open.spotify.com/artist/2DlGxzQSjYe5N6G9nkYghR
72,23zg3TcAtWQy7J6upgbUnj,Usher,spotify:artist:23zg3TcAtWQy7J6upgbUnj,https://open.spotify.com/artist/23zg3TcAtWQy7J6upgbUnj
73,5yG7ZAZafVaAlMTeBybKAL,Iggy Azalea,spotify:artist:5yG7ZAZafVaAlMTeBybKAL,https://open.spotify.com/artist/5yG7ZAZafVaAlMTeBybKAL
74,3AQRLZ9PuTAozP28Skbq8V,The Script,spotify:artist:3AQRLZ9PuTAozP28Skbq8V,https://open.spotify.com/artist/3AQRLZ9PuTAozP28Skbq8V
77,1SupJlEpv7RS2tPNRaHViT,Nicky Jam,spotify:artist:1SupJlEpv7RS2tPNRaHViT,https://open.spotify.com/artist/1SupJlEpv7RS2tPNRaHViT
81,2JyWXPbkqI5ZJa3gwqVa0c,Craig David,spotify:artist:2JyWXPbkqI5ZJa3gwqVa0c,https://open.spotify.com/artist/2JyWXPbkqI5ZJa3gwqVa0c
82,4Rxn7Im3LGfyRkY2FlHhWi,Nick Jonas,spotify:artist:4Rxn7Im3LGfyRkY2FlHhWi,https://open.spotify.com/artist/4Rxn7Im3LGfyRkY2FlHhWi
83,2XnBwblw31dfGnspMIwgWz,Axwell /\ Ingrosso,spotify:artist:2XnBwblw31dfGnspMIwgWz,https://open.spotify.com/artist/2XnBwblw31dfGnspMIwgWz
84,4V8Sr092TqfHkfAA5fXXqG,Luis Fonsi,spotify:artist:4V8Sr092TqfHkfAA5fXXqG,https://open.spotify.com/artist/4V8Sr092TqfHkfAA5fXXqG
85,2w9zwq3AktTeYYMuhMjju8,INNA,spotify:artist:2w9zwq3AktTeYYMuhMjju8,https://open.spotify.com/artist/2w9zwq3AktTeYYMuhMjju8
87,7EQ0qTo7fWT7DPxmxtSYEc,Bastille,spotify:artist:7EQ0qTo7fWT7DPxmxtSYEc,https://open.spotify.com/artist/7EQ0qTo7fWT7DPxmxtSYEc
89,4D75GcNG95ebPtNvoNVXhz,Afrojack,spotify:artist:4D75GcNG95ebPtNvoNVXhz,https://open.spotify.com/artist/4D75GcNG95ebPtNvoNVXhz
91,5vBSrE1xujD2FXYRarbAXc,Years & Years,spotify:artist:5vBSrE1xujD2FXYRarbAXc,https://open.spotify.com/artist/5vBSrE1xujD2FXYRarbAXc
96,6BrvowZBreEkXzJQMpL174,Hardwell,spotify:artist:6BrvowZBreEkXzJQMpL174,https://open.spotify.com/artist/6BrvowZBreEkXzJQMpL174
97,6dC0rIJNLSFZwqckLgXJ8p,Timeflies,spotify:artist:6dC0rIJNLSFZwqckLgXJ8p,https://open.spotify.com/artist/6dC0rIJNLSFZwqckLgXJ8p
102,5ndkK3dpZLKtBklKjxNQwT,B.o.B,spotify:artist:5ndkK3dpZLKtBklKjxNQwT,https://open.spotify.com/artist/5ndkK3dpZLKtBklKjxNQwT
104,2urF8dgLVfDjunO0pcHUEe,Alvaro Soler,spotify:artist:2urF8dgLVfDjunO0pcHUEe,https://open.spotify.com/artist/2urF8dgLVfDjunO0pcHUEe
105,7vk5e3vY1uw9plTHJAMwjN,Alan Walker,spotify:artist:7vk5e3vY1uw9plTHJAMwjN,https://open.spotify.com/artist/7vk5e3vY1uw9plTHJAMwjN
107,4EzkuveR9pLvDVFNx6foYD,James Bay,spotify:artist:4EzkuveR9pLvDVFNx6foYD,https://open.spotify.com/artist/4EzkuveR9pLvDVFNx6foYD
110,5pUo3fmmHT8bhCyHE52hA6,Liam Payne,spotify:artist:5pUo3fmmHT8bhCyHE52hA6,https://open.spotify.com/artist/5pUo3fmmHT8bhCyHE52hA6
112,15UsOTVnJzReFVN1VCnxy4,XXXTENTACION,spotify:artist:15UsOTVnJzReFVN1VCnxy4,https://open.spotify.com/artist/15UsOTVnJzReFVN1VCnxy4
115,5y2Xq6xcjJb2jVM54GHK3t,John Legend,spotify:artist:5y2Xq6xcjJb2jVM54GHK3t,https://open.spotify.com/artist/5y2Xq6xcjJb2jVM54GHK3t
120,1uNFoZAHBGtllmzznpCI3s,Justin Bieber,spotify:artist:1uNFoZAHBGtllmzznpCI3s,https://open.spotify.com/artist/1uNFoZAHBGtllmzznpCI3s
124,6T5tfhQCknKG4UnH90qGnz,DNCE,spotify:artist:6T5tfhQCknKG4UnH90qGnz,https://open.spotify.com/artist/6T5tfhQCknKG4UnH90qGnz
126,02kJSzxNuaWGqwubyUba0Z,G-Eazy,spotify:artist:02kJSzxNuaWGqwubyUba0Z,https://open.spotify.com/artist/02kJSzxNuaWGqwubyUba0Z
128,1Xylc3o4UrD53lo9CvFvVg,Zara Larsson,spotify:artist:1Xylc3o4UrD53lo9CvFvVg,https://open.spotify.com/artist/1Xylc3o4UrD53lo9CvFvVg
129,540vIaP2JwjQb9dm3aArA4,DJ Snake,spotify:artist:540vIaP2JwjQb9dm3aArA4,https://open.spotify.com/artist/540vIaP2JwjQb9dm3aArA4
130,26VFTg2z8YR0cCuwLzESi2,Halsey,spotify:artist:26VFTg2z8YR0cCuwLzESi2,https://open.spotify.com/artist/26VFTg2z8YR0cCuwLzESi2
131,7keGfmQR4X5w0two1xKZ7d,Kungs,spotify:artist:7keGfmQR4X5w0two1xKZ7d,https://open.spotify.com/artist/7keGfmQR4X5w0two1xKZ7d
133,6i1GVNJCyyssRwXmnaeEFH,Syn Cole,spotify:artist:6i1GVNJCyyssRwXmnaeEFH,https://open.spotify.com/artist/6i1GVNJCyyssRwXmnaeEFH
134,31TPClRtHm23RisEBtV3X7,Justin Timberlake,spotify:artist:31TPClRtHm23RisEBtV3X7,https://open.spotify.com/artist/31TPClRtHm23RisEBtV3X7
136,3TVXtAsR1Inumwj472S9r4,Drake,spotify:artist:3TVXtAsR1Inumwj472S9r4,https://open.spotify.com/artist/3TVXtAsR1Inumwj472S9r4
140,163tK9Wjr9P9DmM0AVK7lm,Lorde,spotify:artist:163tK9Wjr9P9DmM0AVK7lm,https://open.spotify.com/artist/163tK9Wjr9P9DmM0AVK7lm
142,0du5cEVh5yTK9QJze8zA0C,Bruno Mars,spotify:artist:0du5cEVh5yTK9QJze8zA0C,https://open.spotify.com/artist/0du5cEVh5yTK9QJze8zA0C
148,0ZrpamOxcZybMHGg1AYtHP,Robin Thicke,spotify:artist:0ZrpamOxcZybMHGg1AYtHP,https://open.spotify.com/artist/0ZrpamOxcZybMHGg1AYtHP
153,53XhwfbYqKCa1cC15pYq2q,Imagine Dragons,spotify:artist:53XhwfbYqKCa1cC15pYq2q,https://open.spotify.com/artist/53XhwfbYqKCa1cC15pYq2q
154,04gDigrS5kc9YWfZHwBETP,Maroon 5,spotify:artist:04gDigrS5kc9YWfZHwBETP,https://open.spotify.com/artist/04gDigrS5kc9YWfZHwBETP
155,6JL8zeS1NmiOftqZTRgdTz,Meghan Trainor,spotify:artist:6JL8zeS1NmiOftqZTRgdTz,https://open.spotify.com/artist/6JL8zeS1NmiOftqZTRgdTz
158,0hCNtLu0JehylgoiP8L4Gh,Nicki Minaj,spotify:artist:0hCNtLu0JehylgoiP8L4Gh,https://open.spotify.com/artist/0hCNtLu0JehylgoiP8L4Gh
159,4tZwfgrHOc3mvqYlEYSvVi,Daft Punk,spotify:artist:4tZwfgrHOc3mvqYlEYSvVi,https://open.spotify.com/artist/4tZwfgrHOc3mvqYlEYSvVi
161,4dpARuHxo51G3z768sgnrY,Adele,spotify:artist:4dpARuHxo51G3z768sgnrY,https://open.spotify.com/artist/4dpARuHxo51G3z768sgnrY
164,0gadJ2b9A4SKsB1RFkBb66,Passenger,spotify:artist:0gadJ2b9A4SKsB1RFkBb66,https://open.spotify.com/artist/0gadJ2b9A4SKsB1RFkBb66
165,0id62QV2SZZfvBn9xpmuCl,Aloe Blacc,spotify:artist:0id62QV2SZZfvBn9xpmuCl,https://open.spotify.com/artist/0id62QV2SZZfvBn9xpmuCl
168,16oZKvXb6WkQlVAjwo2Wbg,The Lumineers,spotify:artist:16oZKvXb6WkQlVAjwo2Wbg,https://open.spotify.com/artist/16oZKvXb6WkQlVAjwo2Wbg
171,6LqNN22kT3074XbTVUrhzX,Kesha,spotify:artist:6LqNN22kT3074XbTVUrhzX,https://open.spotify.com/artist/6LqNN22kT3074XbTVUrhzX
179,1G9G7WwrXka3Z1r7aIDjI7,OutKast,spotify:artist:1G9G7WwrXka3Z1r7aIDjI7,https://open.spotify.com/artist/1G9G7WwrXka3Z1r7aIDjI7
182,6jJ0s89eD6GaHleKKya26X,Katy Perry,spotify:artist:6jJ0s89eD6GaHleKKya26X,https://open.spotify.com/artist/6jJ0s89eD6GaHleKKya26X
187,2NhdGz9EDv2FeUw6udu2g1,The Wanted,spotify:artist:2NhdGz9EDv2FeUw6udu2g1,https://open.spotify.com/artist/2NhdGz9EDv2FeUw6udu2g1
192,3sgFRtyBnxXD5ESfmbK4dl,LMFAO,spotify:artist:3sgFRtyBnxXD5ESfmbK4dl,https://open.spotify.com/artist/3sgFRtyBnxXD5ESfmbK4dl
194,7o9Nl7K1Al6NNAHX6jn6iG,Travie McCoy,spotify:artist:7o9Nl7K1Al6NNAHX6jn6iG,https://open.spotify.com/artist/7o9Nl7K1Al6NNAHX6jn6iG
196,4yiQZ8tQPux8cPriYMWUFP,Gwen Stefani,spotify:artist:4yiQZ8tQPux8cPriYMWUFP,https://open.spotify.com/artist/4yiQZ8tQPux8cPriYMWUFP
203,1yxSLGMDHlW21z4YXirZDS,The Black Eyed Peas,spotify:artist:1yxSLGMDHlW21z4YXirZDS,https://open.spotify.com/artist/1yxSLGMDHlW21z4YXirZDS
204,3aQeKQSyrW4qWr35idm0cy,T-Pain,spotify:artist:3aQeKQSyrW4qWr35idm0cy,https://open.spotify.com/artist/3aQeKQSyrW4qWr35idm0cy
205,5DYAABs8rkY9VhwtENoQCz,Gavin DeGraw,spotify:artist:5DYAABs8rkY9VhwtENoQCz,https://open.spotify.com/artist/5DYAABs8rkY9VhwtENoQCz
206,5EvFsr3kj42KNv97ZEnqij,Shaggy,spotify:artist:5EvFsr3kj42KNv97ZEnqij,https://open.spotify.com/artist/5EvFsr3kj42KNv97ZEnqij
207,6wPhSqRtPu1UhRCDX5yaDJ,The Pussycat Dolls,spotify:artist:6wPhSqRtPu1UhRCDX5yaDJ,https://open.spotify.com/artist/6wPhSqRtPu1UhRCDX5yaDJ
208,0RpddSzUHfncUWNJXKOsjy,Neon Trees,spotify:artist:0RpddSzUHfncUWNJXKOsjy,https://open.spotify.com/artist/0RpddSzUHfncUWNJXKOsjy
211,5nLYd9ST4Cnwy6NHaCxbj8,CeeLo Green,spotify:artist:5nLYd9ST4Cnwy6NHaCxbj8,https://open.spotify.com/artist/5nLYd9ST4Cnwy6NHaCxbj8
213,4m4SfDVbF5wxrwEjDKgi4k,Cher Lloyd,spotify:artist:4m4SfDVbF5wxrwEjDKgi4k,https://open.spotify.com/artist/4m4SfDVbF5wxrwEjDKgi4k
214,3r17AfJCCUqC9Lf0OAc73G,Fergie,spotify:artist:3r17AfJCCUqC9Lf0OAc73G,https://open.spotify.com/artist/3r17AfJCCUqC9Lf0OAc73G
217,3KV3p5EY4AvKxOlhGHORLg,Jeremih,spotify:artist:3KV3p5EY4AvKxOlhGHORLg,https://open.spotify.com/artist/3KV3p5EY4AvKxOlhGHORLg
220,5OrB6Jhhrl9y2PK0pSV4VP,Young Money,spotify:artist:5OrB6Jhhrl9y2PK0pSV4VP,https://open.spotify.com/artist/5OrB6Jhhrl9y2PK0pSV4VP
222,6GMYJwaziB4ekv1Y6wCDWS,Soulja Boy,spotify:artist:6GMYJwaziB4ekv1Y6wCDWS,https://open.spotify.com/artist/6GMYJwaziB4ekv1Y6wCDWS
225,3K2zB87GZv1krx031en5VA,La Roux,spotify:artist:3K2zB87GZv1krx031en5VA,https://open.spotify.com/artist/3K2zB87GZv1krx031en5VA
226,0EmeFodog0BfCgMzAIvKQp,Shakira,spotify:artist:0EmeFodog0BfCgMzAIvKQp,https://open.spotify.com/artist/0EmeFodog0BfCgMzAIvKQp
227,26dSoYclwsYLMAKD3tpOr4,Britney Spears,spotify:artist:26dSoYclwsYLMAKD3tpOr4,https://open.spotify.com/artist/26dSoYclwsYLMAKD3tpOr4
228,1EeArivTpzLNCqubV95255,Cali Swag District,spotify:artist:1EeArivTpzLNCqubV95255,https://open.spotify.com/artist/1EeArivTpzLNCqubV95255
229,6jTnHxhb6cDCaCu4rdvsQ0,Hot Chelle Rae,spotify:artist:6jTnHxhb6cDCaCu4rdvsQ0,https://open.spotify.com/artist/6jTnHxhb6cDCaCu4rdvsQ0
231,0fA0VVWsXO9YnASrzqfmYu,Kid Cudi,spotify:artist:0fA0VVWsXO9YnASrzqfmYu,https://open.spotify.com/artist/0fA0VVWsXO9YnASrzqfmYu
237,4M0DLz8te9Q1lNIXBBwvfG,Karmin,spotify:artist:4M0DLz8te9Q1lNIXBBwvfG,https://open.spotify.com/artist/4M0DLz8te9Q1lNIXBBwvfG
240,0p4nmQO2msCgU4IF37Wi3j,Avril Lavigne,spotify:artist:0p4nmQO2msCgU4IF37Wi3j,https://open.spotify.com/artist/0p4nmQO2msCgU4IF37Wi3j
241,3vAaWhdBR38Q02ohXqaNHT,The All-American Rejects,spotify:artist:3vAaWhdBR38Q02ohXqaNHT,https://open.spotify.com/artist/3vAaWhdBR38Q02ohXqaNHT
247,3whuHq0yGx60atvA2RCVRW,Olly Murs,spotify:artist:3whuHq0yGx60atvA2RCVRW,https://open.spotify.com/artist/3whuHq0yGx60atvA2RCVRW
248,5qK5bOC6wLtuLhG5KvU17c,Lil Mama,spotify:artist:5qK5bOC6wLtuLhG5KvU17c,https://open.spotify.com/artist/5qK5bOC6wLtuLhG5KvU17c
249,7hJcb9fa4alzcOq3EaNPoG,Snoop Dogg,spotify:artist:7hJcb9fa4alzcOq3EaNPoG,https://open.spotify.com/artist/7hJcb9fa4alzcOq3EaNPoG
250,3Ngh2zDBRPEriyxQDAMKd1,Matchbox Twenty,spotify:artist:3Ngh2zDBRPEriyxQDAMKd1,https://open.spotify.com/artist/3Ngh2zDBRPEriyxQDAMKd1
251,4AK6F7OLvEQ5QYCBNiQWHq,One Direction,spotify:artist:4AK6F7OLvEQ5QYCBNiQWHq,https://open.spotify.com/artist/4AK6F7OLvEQ5QYCBNiQWHq
252,6dJeKm76NjfXBNTpHmOhfO,Selena Gomez & The Scene,spotify:artist:6dJeKm76NjfXBNTpHmOhfO,https://open.spotify.com/artist/6dJeKm76NjfXBNTpHmOhfO
256,6eUKZXaKkcviH0Ku9w2n3V,Ed Sheeran,spotify:artist:6eUKZXaKkcviH0Ku9w2n3V,https://open.spotify.com/artist/6eUKZXaKkcviH0Ku9w2n3V
257,2oX42qP5ineK3hrhBECLmj,Andy Grammer,spotify:artist:2oX42qP5ineK3hrhBECLmj,https://open.spotify.com/artist/2oX42qP5ineK3hrhBECLmj
258,1md9aYaJ6Qt1FHypXICB5V,Emblem3,spotify:artist:1md9aYaJ6Qt1FHypXICB5V,https://open.spotify.com/artist/1md9aYaJ6Qt1FHypXICB5V
259,5ILrArfIV0tMURcHJN8Q07,Vanessa Carlton,spotify:artist:5ILrArfIV0tMURcHJN8Q07,https://open.spotify.com/artist/5ILrArfIV0tMURcHJN8Q07
260,7dtJROxWQe3fxxF5t7o67N,Bonnie McKee,spotify:artist:7dtJROxWQe3fxxF5t7o67N,https://open.spotify.com/artist/7dtJROxWQe3fxxF5t7o67N
262,4VhL8KLjVso4vLfOLVViTb,Bridgit Mendler,spotify:artist:4VhL8KLjVso4vLfOLVViTb,https://open.spotify.com/artist/4VhL8KLjVso4vLfOLVViTb
269,7gOdHgIoIKoe4i9Tta6qdD,Jonas Brothers,spotify:artist:7gOdHgIoIKoe4i9Tta6qdD,https://open.spotify.com/artist/7gOdHgIoIKoe4i9Tta6qdD
272,2dd5mrQZvg6SmahdgVKDzh,PSY,spotify:artist:2dd5mrQZvg6SmahdgVKDzh,https://open.spotify.com/artist/2dd5mrQZvg6SmahdgVKDzh
273,4dwdTW1Lfiq0cM8nBAqIIz,Of Monsters and Men,spotify:artist:4dwdTW1Lfiq0cM8nBAqIIz,https://open.spotify.com/artist/4dwdTW1Lfiq0cM8nBAqIIz
278,0kkxsdcaWmWU2yWAqclDh4,Rixton,spotify:artist:0kkxsdcaWmWU2yWAqclDh4,https://open.spotify.com/artist/0kkxsdcaWmWU2yWAqclDh4
283,0GWCNkPi54upO9WLlwjAHd,Big Time Rush,spotify:artist:0GWCNkPi54upO9WLlwjAHd,https://open.spotify.com/artist/0GWCNkPi54upO9WLlwjAHd
286,1g1yxsNVPhMUl9GrMjEb2o,Plain White T's,spotify:artist:1g1yxsNVPhMUl9GrMjEb2o,https://open.spotify.com/artist/1g1yxsNVPhMUl9GrMjEb2o
287,3WtcOzeKXq5mUINE0bNfnt,Sharpay Evans,spotify:artist:3WtcOzeKXq5mUINE0bNfnt,https://open.spotify.com/artist/3WtcOzeKXq5mUINE0bNfnt
288,6zTbBugfNc95zo8ClFDhIn,Troy,spotify:artist:6zTbBugfNc95zo8ClFDhIn,https://open.spotify.com/artist/6zTbBugfNc95zo8ClFDhIn
289,4UXqAaa6dQYAk18Lv7PEgX,Fall Out Boy,spotify:artist:4UXqAaa6dQYAk18Lv7PEgX,https://open.spotify.com/artist/4UXqAaa6dQYAk18Lv7PEgX
293,0N0d3kjwdY2h7UVuTdJGfp,Cascada,spotify:artist:0N0d3kjwdY2h7UVuTdJGfp,https://open.spotify.com/artist/0N0d3kjwdY2h7UVuTdJGfp
298,3Ayl7mCk0nScecqOzvNp6s,Jimmy Eat World,spotify:artist:3Ayl7mCk0nScecqOzvNp6s,https://open.spotify.com/artist/3Ayl7mCk0nScecqOzvNp6s
303,0uq5PttqEjj3IH1bzwcrXF,Spice Girls,spotify:artist:0uq5PttqEjj3IH1bzwcrXF,https://open.spotify.com/artist/0uq5PttqEjj3IH1bzwcrXF
306,3b8QkneNDz4JHKKKlLgYZg,Florida Georgia Line,spotify:artist:3b8QkneNDz4JHKKKlLgYZg,https://open.spotify.com/artist/3b8QkneNDz4JHKKKlLgYZg
307,2o5jDhtHVPhrJdv3cEQ99Z,Tiësto,spotify:artist:2o5jDhtHVPhrJdv3cEQ99Z,https://open.spotify.com/artist/2o5jDhtHVPhrJdv3cEQ99Z
312,1l8Fu6IkuTP0U5QetQJ5Xt,Fifth Harmony,spotify:artist:1l8Fu6IkuTP0U5QetQJ5Xt,https://open.spotify.com/artist/1l8Fu6IkuTP0U5QetQJ5Xt
313,5MouCg6ta7zAxsfMEbc1uh,OMI,spotify:artist:5MouCg6ta7zAxsfMEbc1uh,https://open.spotify.com/artist/5MouCg6ta7zAxsfMEbc1uh
314,5zzrJD2jXrE9dZ1AklRFcL,KT Tunstall,spotify:artist:5zzrJD2jXrE9dZ1AklRFcL,https://open.spotify.com/artist/5zzrJD2jXrE9dZ1AklRFcL
317,1pgtr4nhBQjp9oCUBPyYWh,Fountains Of Wayne,spotify:artist:1pgtr4nhBQjp9oCUBPyYWh,https://open.spotify.com/artist/1pgtr4nhBQjp9oCUBPyYWh
322,3Nrfpe0tUJi4K4DXYWgMUX,BTS,spotify:artist:3Nrfpe0tUJi4K4DXYWgMUX,https://open.spotify.com/artist/3Nrfpe0tUJi4K4DXYWgMUX
326,6LuN9FCkKOj5PcnpouEgny,Khalid,spotify:artist:6LuN9FCkKOj5PcnpouEgny,https://open.spotify.com/artist/6LuN9FCkKOj5PcnpouEgny
329,7gAppWoH7pcYmphCVTXkzs,The Vamps,spotify:artist:7gAppWoH7pcYmphCVTXkzs,https://open.spotify.com/artist/7gAppWoH7pcYmphCVTXkzs
332,6KImCVD70vtIoJWnq6nGn3,Harry Styles,spotify:artist:6KImCVD70vtIoJWnq6nGn3,https://open.spotify.com/artist/6KImCVD70vtIoJWnq6nGn3
333,6M2wZ9GZgrQXHCFfjv46we,Dua Lipa,spotify:artist:6M2wZ9GZgrQXHCFfjv46we,https://open.spotify.com/artist/6M2wZ9GZgrQXHCFfjv46we
338,5JMLG56F1X5mFmWNmS0iAp,Chelsea Cutler,spotify:artist:5JMLG56F1X5mFmWNmS0iAp,https://open.spotify.com/artist/5JMLG56F1X5mFmWNmS0iAp
342,4nDoRrQiYLoBzwC5BhVJzF,Camila Cabello,spotify:artist:4nDoRrQiYLoBzwC5BhVJzF,https://open.spotify.com/artist/4nDoRrQiYLoBzwC5BhVJzF
345,3AVfmawzu83sp94QW7CEGm,Astrid S,spotify:artist:3AVfmawzu83sp94QW7CEGm,https://open.spotify.com/artist/3AVfmawzu83sp94QW7CEGm
348,0ZED1XzwlLHW4ZaG4lOT6m,Julia Michaels,spotify:artist:0ZED1XzwlLHW4ZaG4lOT6m,https://open.spotify.com/artist/0ZED1XzwlLHW4ZaG4lOT6m
350,4kYGAK2zu9EAomwj3hXkXy,JP Cooper,spotify:artist:4kYGAK2zu9EAomwj3hXkXy,https://open.spotify.com/artist/4kYGAK2zu9EAomwj3hXkXy
351,50JJSqHUf2RQ9xsHs0KMHg,Jon Bellion,spotify:artist:50JJSqHUf2RQ9xsHs0KMHg,https://open.spotify.com/artist/50JJSqHUf2RQ9xsHs0KMHg
353,1L9i6qZYIGQedgM9QLSyzb,Klingande,spotify:artist:1L9i6qZYIGQedgM9QLSyzb,https://open.spotify.com/artist/1L9i6qZYIGQedgM9QLSyzb
354,4xRYI6VqpkE3UwrDrAZL8L,Logic,spotify:artist:4xRYI6VqpkE3UwrDrAZL8L,https://open.spotify.com/artist/4xRYI6VqpkE3UwrDrAZL8L
357,0QHgL1lAIqAw0HtD7YldmP,DJ Khaled,spotify:artist:0QHgL1lAIqAw0HtD7YldmP,https://open.spotify.com/artist/0QHgL1lAIqAw0HtD7YldmP
360,698hF4vcwHwPy8ltmXermq,Far East Movement,spotify:artist:698hF4vcwHwPy8ltmXermq,https://open.spotify.com/artist/698hF4vcwHwPy8ltmXermq
366,2AsusXITU8P25dlRNhcAbG,Gotye,spotify:artist:2AsusXITU8P25dlRNhcAbG,https://open.spotify.com/artist/2AsusXITU8P25dlRNhcAbG
368,75FnCoo4FBxH5K1Rrx0k5A,The Band Perry,spotify:artist:75FnCoo4FBxH5K1Rrx0k5A,https://open.spotify.com/artist/75FnCoo4FBxH5K1Rrx0k5A
372,2aYJ5LAta2ScCdfLhKgZOY,Cobra Starship,spotify:artist:2aYJ5LAta2ScCdfLhKgZOY,https://open.spotify.com/artist/2aYJ5LAta2ScCdfLhKgZOY
376,6vWDO969PvNqNYHIOW5v0m,Beyoncé,spotify:artist:6vWDO969PvNqNYHIOW5v0m,https://open.spotify.com/artist/6vWDO969PvNqNYHIOW5v0m
378,5Pwc4xIPtQLFEnJriah9YJ,OneRepublic,spotify:artist:5Pwc4xIPtQLFEnJriah9YJ,https://open.spotify.com/artist/5Pwc4xIPtQLFEnJriah9YJ
380,0BvkDsjIUla7X0k6CSWh1I,Luke Bryan,spotify:artist:0BvkDsjIUla7X0k6CSWh1I,https://open.spotify.com/artist/0BvkDsjIUla7X0k6CSWh1I
384,0BmLNz4nSLfoWYW1cYsElL,Alexandra Stan,spotify:artist:0BmLNz4nSLfoWYW1cYsElL,https://open.spotify.com/artist/0BmLNz4nSLfoWYW1cYsElL
388,1Cs0zKBU1kc0i8ypK3B9ai,David Guetta,spotify:artist:1Cs0zKBU1kc0i8ypK3B9ai,https://open.spotify.com/artist/1Cs0zKBU1kc0i8ypK3B9ai
396,1n2pb9Tsfe4SwAjmUac6YT,Jake Owen,spotify:artist:1n2pb9Tsfe4SwAjmUac6YT,https://open.spotify.com/artist/1n2pb9Tsfe4SwAjmUac6YT
398,2gBjLmx6zQnFGQJCAQpRgw,Nelly,spotify:artist:2gBjLmx6zQnFGQJCAQpRgw,https://open.spotify.com/artist/2gBjLmx6zQnFGQJCAQpRgw
402,3FfvYsEGaIb52QPXhg4DcH,Jason Aldean,spotify:artist:3FfvYsEGaIb52QPXhg4DcH,https://open.spotify.com/artist/3FfvYsEGaIb52QPXhg4DcH
410,0C8ZW7ezQVs4URX5aX7Kqx,Selena Gomez,spotify:artist:0C8ZW7ezQVs4URX5aX7Kqx,https://open.spotify.com/artist/0C8ZW7ezQVs4URX5aX7Kqx
411,1Y8cdNmUJH7yBTd9yOvr5i,Destiny's Child,spotify:artist:1Y8cdNmUJH7yBTd9yOvr5i,https://open.spotify.com/artist/1Y8cdNmUJH7yBTd9yOvr5i
413,3DiDSECUqqY1AuBP8qtaIa,Alicia Keys,spotify:artist:3DiDSECUqqY1AuBP8qtaIa,https://open.spotify.com/artist/3DiDSECUqqY1AuBP8qtaIa
421,4AVFqumd2ogHFlRbKIjp1t,Alesso,spotify:artist:4AVFqumd2ogHFlRbKIjp1t,https://open.spotify.com/artist/4AVFqumd2ogHFlRbKIjp1t
422,3QSQFmccmX81fWCUSPTS7y,Dean Lewis,spotify:artist:3QSQFmccmX81fWCUSPTS7y,https://open.spotify.com/artist/3QSQFmccmX81fWCUSPTS7y
423,2X97ZAqRKRMYFIDqtvGgGc,Silk City,spotify:artist:2X97ZAqRKRMYFIDqtvGgGc,https://open.spotify.com/artist/2X97ZAqRKRMYFIDqtvGgGc
428,6qqNVTkY8uBg9cP3Jd7DAH,Billie Eilish,spotify:artist:6qqNVTkY8uBg9cP3Jd7DAH,https://open.spotify.com/artist/6qqNVTkY8uBg9cP3Jd7DAH
429,3WGpXCj9YhhfX11TToZcXP,Troye Sivan,spotify:artist:3WGpXCj9YhhfX11TToZcXP,https://open.spotify.com/artist/3WGpXCj9YhhfX11TToZcXP
430,1bqxdqvUtPWZri43cKHac8,MAX,spotify:artist:1bqxdqvUtPWZri43cKHac8,https://open.spotify.com/artist/1bqxdqvUtPWZri43cKHac8
431,4MCBfE4596Uoi2O4DtmEMz,Juice WRLD,spotify:artist:4MCBfE4596Uoi2O4DtmEMz,https://open.spotify.com/artist/4MCBfE4596Uoi2O4DtmEMz
432,4xnihxcoXWK3UqryOSnbw5,Sasha Sloan,spotify:artist:4xnihxcoXWK3UqryOSnbw5,https://open.spotify.com/artist/4xnihxcoXWK3UqryOSnbw5
436,5jAMCwdNHWr7JThxtMuEyy,NOTD,spotify:artist:5jAMCwdNHWr7JThxtMuEyy,https://open.spotify.com/artist/5jAMCwdNHWr7JThxtMuEyy
438,7HkdQ0gt53LP4zmHsL0nap,Ella Mai,spotify:artist:7HkdQ0gt53LP4zmHsL0nap,https://open.spotify.com/artist/7HkdQ0gt53LP4zmHsL0nap
441,2ysnwxxNtSgbb9t1m2Ur4j,George Ezra,spotify:artist:2ysnwxxNtSgbb9t1m2Ur4j,https://open.spotify.com/artist/2ysnwxxNtSgbb9t1m2Ur4j
442,6beUvFUlKliUYJdLOXNj9C,King Princess,spotify:artist:6beUvFUlKliUYJdLOXNj9C,https://open.spotify.com/artist/6beUvFUlKliUYJdLOXNj9C
452,58MLl9nC29IXbE4nEtuoP2,Alex & Sierra,spotify:artist:58MLl9nC29IXbE4nEtuoP2,https://open.spotify.com/artist/58MLl9nC29IXbE4nEtuoP2
454,64KEffDW9EtZ1y2vBYgq8T,Marshmello,spotify:artist:64KEffDW9EtZ1y2vBYgq8T,https://open.spotify.com/artist/64KEffDW9EtZ1y2vBYgq8T
455,4IWBUUAFIplrNtaOHcJPRM,James Arthur,spotify:artist:4IWBUUAFIplrNtaOHcJPRM,https://open.spotify.com/artist/4IWBUUAFIplrNtaOHcJPRM
461,60d24wfXkVzDSfLS6hyCjZ,Martin Garrix,spotify:artist:60d24wfXkVzDSfLS6hyCjZ,https://open.spotify.com/artist/60d24wfXkVzDSfLS6hyCjZ
463,36jaGQtMj5UWD0eO1fCVdD,Joel Adams,spotify:artist:36jaGQtMj5UWD0eO1fCVdD,https://open.spotify.com/artist/36jaGQtMj5UWD0eO1fCVdD
471,2l35CQqtYRh3d8ZIiBep4v,MKTO,spotify:artist:2l35CQqtYRh3d8ZIiBep4v,https://open.spotify.com/artist/2l35CQqtYRh3d8ZIiBep4v
480,58CUVLn2xm7I9iFg97t9XC,Willis Earl Beal,spotify:artist:58CUVLn2xm7I9iFg97t9XC,https://open.spotify.com/artist/58CUVLn2xm7I9iFg97t9XC
483,2YZyLoL8N0Wb9xBt1NhZWg,Kendrick Lamar,spotify:artist:2YZyLoL8N0Wb9xBt1NhZWg,https://open.spotify.com/artist/2YZyLoL8N0Wb9xBt1NhZWg
484,6DPYiyq5kWVQS4RGwxzPC7,Dr. Dre,spotify:artist:6DPYiyq5kWVQS4RGwxzPC7,https://open.spotify.com/artist/6DPYiyq5kWVQS4RGwxzPC7
485,5he5w2lnU9x7JFhnwcekXX,Skrillex,spotify:artist:5he5w2lnU9x7JFhnwcekXX,https://open.spotify.com/artist/5he5w2lnU9x7JFhnwcekXX
486,1r7pmtRb7lbWEeKPBYB0oT,Tony Montana Music,spotify:artist:1r7pmtRb7lbWEeKPBYB0oT,https://open.spotify.com/artist/1r7pmtRb7lbWEeKPBYB0oT
487,3JaAGmSTpJK35DqWrDUzBz,Sweet,spotify:artist:3JaAGmSTpJK35DqWrDUzBz,https://open.spotify.com/artist/3JaAGmSTpJK35DqWrDUzBz
488,2QYEvpsWUOjqaYuxDPTCmV,Diddy - Dirty Money,spotify:artist:2QYEvpsWUOjqaYuxDPTCmV,https://open.spotify.com/artist/2QYEvpsWUOjqaYuxDPTCmV
489,77IURH5NC56Jn09QHi76is,Bad Meets Evil,spotify:artist:77IURH5NC56Jn09QHi76is,https://open.spotify.com/artist/77IURH5NC56Jn09QHi76is
492,1ZwdS5xdxEREPySFridCfh,2Pac,spotify:artist:1ZwdS5xdxEREPySFridCfh,https://open.spotify.com/artist/1ZwdS5xdxEREPySFridCfh
495,5Rl15oVamLq7FbSb0NNBNy,5 Seconds of Summer,spotify:artist:5Rl15oVamLq7FbSb0NNBNy,https://open.spotify.com/artist/5Rl15oVamLq7FbSb0NNBNy
499,5CiGnKThu5ctn9pBxv7DGa,benny blanco,spotify:artist:5CiGnKThu5ctn9pBxv7DGa,https://open.spotify.com/artist/5CiGnKThu5ctn9pBxv7DGa
500,0Y5tJX1MQlPlqiwlOH1tJY,Travis Scott,spotify:artist:0Y5tJX1MQlPlqiwlOH1tJY,https://open.spotify.com/artist/0Y5tJX1MQlPlqiwlOH1tJY
503,1vo8zHmO1KzkuU9Xxh6J7W,MOTi,spotify:artist:1vo8zHmO1KzkuU9Xxh6J7W,https://open.spotify.com/artist/1vo8zHmO1KzkuU9Xxh6J7W
504,4xSQ9zt3zGyyiCXazv4mhf,Steve Brian,spotify:artist:4xSQ9zt3zGyyiCXazv4mhf,https://open.spotify.com/artist/4xSQ9zt3zGyyiCXazv4mhf
513,1YlyxjwYNSjBD0NAJGEfWB,Bombs Away,spotify:artist:1YlyxjwYNSjBD0NAJGEfWB,https://open.spotify.com/artist/1YlyxjwYNSjBD0NAJGEfWB
515,7sfl4Xt5KmfyDs2T3SVSMK,Lil Jon,spotify:artist:7sfl4Xt5KmfyDs2T3SVSMK,https://open.spotify.com/artist/7sfl4Xt5KmfyDs2T3SVSMK
516,6vXTefBL93Dj5IqAWq6OTv,French Montana,spotify:artist:6vXTefBL93Dj5IqAWq6OTv,https://open.spotify.com/artist/6vXTefBL93Dj5IqAWq6OTv
521,3fHjwMnkM9ov8CozqkYxWY,Ramriddlz,spotify:artist:3fHjwMnkM9ov8CozqkYxWY,https://open.spotify.com/artist/3fHjwMnkM9ov8CozqkYxWY
524,0LcJLqbBmaGUft1e9Mm8HV,ABBA,spotify:artist:0LcJLqbBmaGUft1e9Mm8HV,https://open.spotify.com/artist/0LcJLqbBmaGUft1e9Mm8HV
525,0B3N0ZINFWvizfa8bKiz4v,James TW,spotify:artist:0B3N0ZINFWvizfa8bKiz4v,https://open.spotify.com/artist/0B3N0ZINFWvizfa8bKiz4v
531,5ZsFI1h6hIdQRw2ti0hz81,ZAYN,spotify:artist:5ZsFI1h6hIdQRw2ti0hz81,https://open.spotify.com/artist/5ZsFI1h6hIdQRw2ti0hz81
551,4obzFoKoKRHIphyHzJ35G3,Becky G,spotify:artist:4obzFoKoKRHIphyHzJ35G3,https://open.spotify.com/artist/4obzFoKoKRHIphyHzJ35G3
552,6ydoSd3N2mwgwBHtF6K7eX,Calum Scott,spotify:artist:6ydoSd3N2mwgwBHtF6K7eX,https://open.spotify.com/artist/6ydoSd3N2mwgwBHtF6K7eX
558,2WzaAvm2bBCf4pEhyuDgCY,Ruth B.,spotify:artist:2WzaAvm2bBCf4pEhyuDgCY,https://open.spotify.com/artist/2WzaAvm2bBCf4pEhyuDgCY
571,4ehtJnVumNf6xzSCDk8aLB,Martin Jensen,spotify:artist:4ehtJnVumNf6xzSCDk8aLB,https://open.spotify.com/artist/4ehtJnVumNf6xzSCDk8aLB
573,4BxCuXFJrSWGi1KHcVqaU4,Kodaline,spotify:artist:4BxCuXFJrSWGi1KHcVqaU4,https://open.spotify.com/artist/4BxCuXFJrSWGi1KHcVqaU4
576,2C9n4tQgNLhHPhSCmdsQnk,David Archuleta,spotify:artist:2C9n4tQgNLhHPhSCmdsQnk,https://open.spotify.com/artist/2C9n4tQgNLhHPhSCmdsQnk
582,5tKXB9uuebKE34yowVaU3C,Iyaz,spotify:artist:5tKXB9uuebKE34yowVaU3C,https://open.spotify.com/artist/5tKXB9uuebKE34yowVaU3C
583,6aZyMrc4doVtZyKNilOmwu,Colbie Caillat,spotify:artist:6aZyMrc4doVtZyKNilOmwu,https://open.spotify.com/artist/6aZyMrc4doVtZyKNilOmwu
589,07QEuhtrNmmZ0zEcqE9SF6,Owl City,spotify:artist:07QEuhtrNmmZ0zEcqE9SF6,https://open.spotify.com/artist/07QEuhtrNmmZ0zEcqE9SF6
591,21E3waRsmPlU7jZsS13rcj,Ne-Yo,spotify:artist:21E3waRsmPlU7jZsS13rcj,https://open.spotify.com/artist/21E3waRsmPlU7jZsS13rcj
592,4gzpq5DPGxSnKTe4SA8HAU,Coldplay,spotify:artist:4gzpq5DPGxSnKTe4SA8HAU,https://open.spotify.com/artist/4gzpq5DPGxSnKTe4SA8HAU
595,29WzbAQtDnBJF09es0uddn,Corinne Bailey Rae,spotify:artist:29WzbAQtDnBJF09es0uddn,https://open.spotify.com/artist/29WzbAQtDnBJF09es0uddn
605,6JMHws5haIO6V35YNYDnDw,Atomic Kitten,spotify:artist:6JMHws5haIO6V35YNYDnDw,https://open.spotify.com/artist/6JMHws5haIO6V35YNYDnDw
607,4nNwfeVaNJlfz8RdCT5MJO,Gareth Gates,spotify:artist:4nNwfeVaNJlfz8RdCT5MJO,https://open.spotify.com/artist/4nNwfeVaNJlfz8RdCT5MJO
608,4M6Z1wubeKtwPqbjJygTOc,Shontelle,spotify:artist:4M6Z1wubeKtwPqbjJygTOc,https://open.spotify.com/artist/4M6Z1wubeKtwPqbjJygTOc
609,3GBPw9NK25X1Wt2OUvOwY3,Jack Johnson,spotify:artist:3GBPw9NK25X1Wt2OUvOwY3,https://open.spotify.com/artist/3GBPw9NK25X1Wt2OUvOwY3
610,4iHNK0tOyZPYnBU7nGAgpQ,Mariah Carey,spotify:artist:4iHNK0tOyZPYnBU7nGAgpQ,https://open.spotify.com/artist/4iHNK0tOyZPYnBU7nGAgpQ
611,7o95ZoZt5ZYn31e9z1Hc0a,Natasha Bedingfield,spotify:artist:7o95ZoZt5ZYn31e9z1Hc0a,https://open.spotify.com/artist/7o95ZoZt5ZYn31e9z1Hc0a
615,2Sqr0DXoaYABbjBo9HaMkM,Sara Bareilles,spotify:artist:2Sqr0DXoaYABbjBo9HaMkM,https://open.spotify.com/artist/2Sqr0DXoaYABbjBo9HaMkM
619,0hEurMDQu99nJRq8pTxO14,John Mayer,spotify:artist:0hEurMDQu99nJRq8pTxO14,https://open.spotify.com/artist/0hEurMDQu99nJRq8pTxO14
621,20s0P9QLxGqKuCsGwFsp7w,Mario,spotify:artist:20s0P9QLxGqKuCsGwFsp7w,https://open.spotify.com/artist/20s0P9QLxGqKuCsGwFsp7w
622,5lKZWd6HiSCLfnDGrq9RAm,Leona Lewis,spotify:artist:5lKZWd6HiSCLfnDGrq9RAm,https://open.spotify.com/artist/5lKZWd6HiSCLfnDGrq9RAm
624,7xTcuBOIAAIGDOSvwYFPzk,Daniel Powter,spotify:artist:7xTcuBOIAAIGDOSvwYFPzk,https://open.spotify.com/artist/7xTcuBOIAAIGDOSvwYFPzk
626,6S0dmVVn4udvppDhZIWxCr,Sean Kingston,spotify:artist:6S0dmVVn4udvppDhZIWxCr,https://open.spotify.com/artist/6S0dmVVn4udvppDhZIWxCr
627,5T0MSzX9RC5NA6gAI6irSn,Estelle,spotify:artist:5T0MSzX9RC5NA6gAI6irSn,https://open.spotify.com/artist/5T0MSzX9RC5NA6gAI6irSn
631,6Ff53KvcvAj5U7Z1vojB5o,*NSYNC,spotify:artist:6Ff53KvcvAj5U7Z1vojB5o,https://open.spotify.com/artist/6Ff53KvcvAj5U7Z1vojB5o
636,7rZNSLWMjTbwdLNskFbzFf,Sugababes,spotify:artist:7rZNSLWMjTbwdLNskFbzFf,https://open.spotify.com/artist/7rZNSLWMjTbwdLNskFbzFf
637,0z4gvV4rjIZ9wHck67ucSV,Akon,spotify:artist:0z4gvV4rjIZ9wHck67ucSV,https://open.spotify.com/artist/0z4gvV4rjIZ9wHck67ucSV
641,7gP3bB2nilZXLfPHJhMdvc,Foster The People,spotify:artist:7gP3bB2nilZXLfPHJhMdvc,https://open.spotify.com/artist/7gP3bB2nilZXLfPHJhMdvc
643,53A0W3U0s8diEn9RhXQhVz,Keane,spotify:artist:53A0W3U0s8diEn9RhXQhVz,https://open.spotify.com/artist/53A0W3U0s8diEn9RhXQhVz
647,6SsTlCsuCYleNza6xGwynu,Agnes,spotify:artist:6SsTlCsuCYleNza6xGwynu,https://open.spotify.com/artist/6SsTlCsuCYleNza6xGwynu
652,25IG9fa7cbdmCIy3OnuH57,Dixie Chicks,spotify:artist:25IG9fa7cbdmCIy3OnuH57,https://open.spotify.com/artist/25IG9fa7cbdmCIy3OnuH57
654,2yEkZBBjhzKzt6LF5XMaFi,Blue,spotify:artist:2yEkZBBjhzKzt6LF5XMaFi,https://open.spotify.com/artist/2yEkZBBjhzKzt6LF5XMaFi
656,11hIqBsGRPztdjBHCSLClX,Daniel Bedingfield,spotify:artist:11hIqBsGRPztdjBHCSLClX,https://open.spotify.com/artist/11hIqBsGRPztdjBHCSLClX
659,5MmVJVhhYKQ86izuGHzJYA,MIKA,spotify:artist:5MmVJVhhYKQ86izuGHzJYA,https://open.spotify.com/artist/5MmVJVhhYKQ86izuGHzJYA
660,1moxjboGR7GNWYIMWsRjgG,Florence + The Machine,spotify:artist:1moxjboGR7GNWYIMWsRjgG,https://open.spotify.com/artist/1moxjboGR7GNWYIMWsRjgG
663,5JZ7CnR6gTvEMKX4g70Amv,Lauv,spotify:artist:5JZ7CnR6gTvEMKX4g70Amv,https://open.spotify.com/artist/5JZ7CnR6gTvEMKX4g70Amv
700,41MozSoPIsD1dJM0CLPjZF,BLACKPINK,spotify:artist:41MozSoPIsD1dJM0CLPjZF,https://open.spotify.com/artist/41MozSoPIsD1dJM0CLPjZF
714,3Y7RZ31TRPVadSFVy1o8os,H.E.R.,spotify:artist:3Y7RZ31TRPVadSFVy1o8os,https://open.spotify.com/artist/3Y7RZ31TRPVadSFVy1o8os
723,4Ga1P7PMIsmqEZqhYZQgDo,Lil Tecca,spotify:artist:4Ga1P7PMIsmqEZqhYZQgDo,https://open.spotify.com/artist/4Ga1P7PMIsmqEZqhYZQgDo
728,57LYzLEk2LcFghVwuWbcuS,Summer Walker,spotify:artist:57LYzLEk2LcFghVwuWbcuS,https://open.spotify.com/artist/57LYzLEk2LcFghVwuWbcuS
732,3KwmxIhSe9UTSEF37kwngR,SHAED,spotify:artist:3KwmxIhSe9UTSEF37kwngR,https://open.spotify.com/artist/3KwmxIhSe9UTSEF37kwngR
734,56oDRnqbIiwx4mymNEv7dS,Lizzo,spotify:artist:56oDRnqbIiwx4mymNEv7dS,https://open.spotify.com/artist/56oDRnqbIiwx4mymNEv7dS
735,4r63FhuTkUYltbVAg5TQnk,DaBaby,spotify:artist:4r63FhuTkUYltbVAg5TQnk,https://open.spotify.com/artist/4r63FhuTkUYltbVAg5TQnk
738,6i392l38cR3uBPF0DbNs7S,Quality Control,spotify:artist:6i392l38cR3uBPF0DbNs7S,https://open.spotify.com/artist/6i392l38cR3uBPF0DbNs7S
739,0YinUQ50QDB7ZxSCLyQ40k,Mustard,spotify:artist:0YinUQ50QDB7ZxSCLyQ40k,https://open.spotify.com/artist/0YinUQ50QDB7ZxSCLyQ40k
742,7EekKnlf2HwNaLLpL9Cpgy,Matt Stell,spotify:artist:7EekKnlf2HwNaLLpL9Cpgy,https://open.spotify.com/artist/7EekKnlf2HwNaLLpL9Cpgy
750,718COspgdWOnwOFpJHRZHS,Luke Combs,spotify:artist:718COspgdWOnwOFpJHRZHS,https://open.spotify.com/artist/718COspgdWOnwOFpJHRZHS
752,68abRTdO4meYReMWHvBYb0,Chris Lane,spotify:artist:68abRTdO4meYReMWHvBYb0,https://open.spotify.com/artist/68abRTdO4meYReMWHvBYb0
753,6fOMl44jA4Sp5b9PpYCkzz,NF,spotify:artist:6fOMl44jA4Sp5b9PpYCkzz,https://open.spotify.com/artist/6fOMl44jA4Sp5b9PpYCkzz
754,6WY7D3jk8zTrHtmkqqo5GI,Maren Morris,spotify:artist:6WY7D3jk8zTrHtmkqqo5GI,https://open.spotify.com/artist/6WY7D3jk8zTrHtmkqqo5GI
755,6y8XlgIV8BLlIg1tT1R10i,Old Dominion,spotify:artist:6y8XlgIV8BLlIg1tT1R10i,https://open.spotify.com/artist/6y8XlgIV8BLlIg1tT1R10i
758,7x8nK0m0cP2ksQf0mjWdPS,Dierks Bentley,spotify:artist:7x8nK0m0cP2ksQf0mjWdPS,https://open.spotify.com/artist/7x8nK0m0cP2ksQf0mjWdPS
761,5q8HGNo0BjLWaTAhRtbwxa,Brantley Gilbert,spotify:artist:5q8HGNo0BjLWaTAhRtbwxa,https://open.spotify.com/artist/5q8HGNo0BjLWaTAhRtbwxa
762,2cWZOOzeOm4WmBJRnD5R7I,Normani,spotify:artist:2cWZOOzeOm4WmBJRnD5R7I,https://open.spotify.com/artist/2cWZOOzeOm4WmBJRnD5R7I
763,2cFrymmkijnjDg9SS92EPM,blackbear,spotify:artist:2cFrymmkijnjDg9SS92EPM,https://open.spotify.com/artist/2cFrymmkijnjDg9SS92EPM
766,1E2AEtxaFaJtH0lO7kgNKw,Russell Dickerson,spotify:artist:1E2AEtxaFaJtH0lO7kgNKw,https://open.spotify.com/artist/1E2AEtxaFaJtH0lO7kgNKw
767,2R21vXR83lH98kGeO99Y66,Anuel AA,spotify:artist:2R21vXR83lH98kGeO99Y66,https://open.spotify.com/artist/2R21vXR83lH98kGeO99Y66
769,6USMTwO0MNDnKte5a5h0xx,Y2K,spotify:artist:6USMTwO0MNDnKte5a5h0xx,https://open.spotify.com/artist/6USMTwO0MNDnKte5a5h0xx
774,77ziqFxp5gaInVrF2lj4ht,Sech,spotify:artist:77ziqFxp5gaInVrF2lj4ht,https://open.spotify.com/artist/77ziqFxp5gaInVrF2lj4ht
778,6x2LnllRG5uGarZMsD4iO8,Thomas Rhett,spotify:artist:6x2LnllRG5uGarZMsD4iO8,https://open.spotify.com/artist/6x2LnllRG5uGarZMsD4iO8
779,1Hsdzj7Dlq2I7tHP7501T4,Niall Horan,spotify:artist:1Hsdzj7Dlq2I7tHP7501T4,https://open.spotify.com/artist/1Hsdzj7Dlq2I7tHP7501T4
780,6jGMq4yGs7aQzuGsMgVgZR,Lil Tjay,spotify:artist:6jGMq4yGs7aQzuGsMgVgZR,https://open.spotify.com/artist/6jGMq4yGs7aQzuGsMgVgZR
783,4q3ewBCX7sLwd24euuV69X,Bad Bunny,spotify:artist:4q3ewBCX7sLwd24euuV69X,https://open.spotify.com/artist/4q3ewBCX7sLwd24euuV69X
784,4xFUf1FHVy696Q1JQZMTRj,Carrie Underwood,spotify:artist:4xFUf1FHVy696Q1JQZMTRj,https://open.spotify.com/artist/4xFUf1FHVy696Q1JQZMTRj
790,4MoAOfV4ROWofLG3a3hhBN,Jon Pardi,spotify:artist:4MoAOfV4ROWofLG3a3hhBN,https://open.spotify.com/artist/4MoAOfV4ROWofLG3a3hhBN
792,0EFisYRi20PTADoJrifHrz,Jhay Cortez,spotify:artist:0EFisYRi20PTADoJrifHrz,https://open.spotify.com/artist/0EFisYRi20PTADoJrifHrz
816,2LZDXcxJWgsJfKXZv9a5eG,Cashmere Cat,spotify:artist:2LZDXcxJWgsJfKXZv9a5eG,https://open.spotify.com/artist/2LZDXcxJWgsJfKXZv9a5eG
838,2RQXRUsr4IW1f3mKyKsy4B,Noah Kahan,spotify:artist:2RQXRUsr4IW1f3mKyKsy4B,https://open.spotify.com/artist/2RQXRUsr4IW1f3mKyKsy4B
883,77SW9BnxLY8rJ0RciFqkHh,The Neighbourhood,spotify:artist:77SW9BnxLY8rJ0RciFqkHh,https://open.spotify.com/artist/77SW9BnxLY8rJ0RciFqkHh
890,4phGZZrJZRo4ElhRtViYdl,Jason Mraz,spotify:artist:4phGZZrJZRo4ElhRtViYdl,https://open.spotify.com/artist/4phGZZrJZRo4ElhRtViYdl
898,1l0mKo96Jh9HVYONcRl3Yp,2NE1,spotify:artist:1l0mKo96Jh9HVYONcRl3Yp,https://open.spotify.com/artist/1l0mKo96Jh9HVYONcRl3Yp
900,1h6Cn3P4NGzXbaXidqURXs,Swedish House Mafia,spotify:artist:1h6Cn3P4NGzXbaXidqURXs,https://open.spotify.com/artist/1h6Cn3P4NGzXbaXidqURXs
902,07Q9n9pbwR6jQ8xH4SA46b,Justice Crew,spotify:artist:07Q9n9pbwR6jQ8xH4SA46b,https://open.spotify.com/artist/07Q9n9pbwR6jQ8xH4SA46b
903,6p5JxpTc7USNnBnLzctyd4,Phillip Phillips,spotify:artist:6p5JxpTc7USNnBnLzctyd4,https://open.spotify.com/artist/6p5JxpTc7USNnBnLzctyd4
908,6prmLEyn4LfHlD9NnXWlf7,Adam Lambert,spotify:artist:6prmLEyn4LfHlD9NnXWlf7,https://open.spotify.com/artist/6prmLEyn4LfHlD9NnXWlf7
910,0DR4z5jMA1eqx0CmHBUpkr,DJ Ötzi,spotify:artist:0DR4z5jMA1eqx0CmHBUpkr,https://open.spotify.com/artist/0DR4z5jMA1eqx0CmHBUpkr
911,6CwfuxIqcltXDGjfZsMd9A,MARINA,spotify:artist:6CwfuxIqcltXDGjfZsMd9A,https://open.spotify.com/artist/6CwfuxIqcltXDGjfZsMd9A
915,6gK1Uct5FEdaUWRWpU4Cl2,Petit Biscuit,spotify:artist:6gK1Uct5FEdaUWRWpU4Cl2,https://open.spotify.com/artist/6gK1Uct5FEdaUWRWpU4Cl2
917,49tQo2QULno7gxHutgccqF,LANY,spotify:artist:49tQo2QULno7gxHutgccqF,https://open.spotify.com/artist/49tQo2QULno7gxHutgccqF
933,1peH5tSqnYm8W6Bo3I5egE,Kat Dahlia,spotify:artist:1peH5tSqnYm8W6Bo3I5egE,https://open.spotify.com/artist/1peH5tSqnYm8W6Bo3I5egE
937,1KP6TWI40m7p3QBTU6u2xo,BØRNS,spotify:artist:1KP6TWI40m7p3QBTU6u2xo,https://open.spotify.com/artist/1KP6TWI40m7p3QBTU6u2xo
938,3QLIkT4rD2FMusaqmkepbq,Rachel Platten,spotify:artist:3QLIkT4rD2FMusaqmkepbq,https://open.spotify.com/artist/3QLIkT4rD2FMusaqmkepbq
947,1BhWF9W2PngtPSyobKg0rP,Pia Mia,spotify:artist:1BhWF9W2PngtPSyobKg0rP,https://open.spotify.com/artist/1BhWF9W2PngtPSyobKg0rP
956,5INjqkS1o8h1imAzPqGZBb,Tame Impala,spotify:artist:5INjqkS1o8h1imAzPqGZBb,https://open.spotify.com/artist/5INjqkS1o8h1imAzPqGZBb
959,4TH4BHy0LdBi3dpBW4P2UX,R. City,spotify:artist:4TH4BHy0LdBi3dpBW4P2UX,https://open.spotify.com/artist/4TH4BHy0LdBi3dpBW4P2UX
962,2QSPrJfYeRXaltEEiriXN9,Tove Styrke,spotify:artist:2QSPrJfYeRXaltEEiriXN9,https://open.spotify.com/artist/2QSPrJfYeRXaltEEiriXN9
966,2feDdbD5araYcm6JhFHHw7,Labrinth,spotify:artist:2feDdbD5araYcm6JhFHHw7,https://open.spotify.com/artist/2feDdbD5araYcm6JhFHHw7
978,0DxeaLnv6SyYk2DOqkLO8c,MAGIC!,spotify:artist:0DxeaLnv6SyYk2DOqkLO8c,https://open.spotify.com/artist/0DxeaLnv6SyYk2DOqkLO8c
979,0MlOPi3zIDMVrfA9R04Fe3,American Authors,spotify:artist:0MlOPi3zIDMVrfA9R04Fe3,https://open.spotify.com/artist/0MlOPi3zIDMVrfA9R04Fe3
986,5xKp3UyavIBUsGy3DQdXeF,A Great Big World,spotify:artist:5xKp3UyavIBUsGy3DQdXeF,https://open.spotify.com/artist/5xKp3UyavIBUsGy3DQdXeF
989,3Yl4nkmEa8BSuGWbwhdLDq,G.R.L.,spotify:artist:3Yl4nkmEa8BSuGWbwhdLDq,https://open.spotify.com/artist/3Yl4nkmEa8BSuGWbwhdLDq
993,6DIS6PRrLS3wbnZsf7vYic,WALK THE MOON,spotify:artist:6DIS6PRrLS3wbnZsf7vYic,https://open.spotify.com/artist/6DIS6PRrLS3wbnZsf7vYic
999,5Zq7R5qmi58ByYyBQTlNuk,Lee Brice,spotify:artist:5Zq7R5qmi58ByYyBQTlNuk,https://open.spotify.com/artist/5Zq7R5qmi58ByYyBQTlNuk
1000,3fMbdgg4jU18AjLCKBhRSm,Michael Jackson,spotify:artist:3fMbdgg4jU18AjLCKBhRSm,https://open.spotify.com/artist/3fMbdgg4jU18AjLCKBhRSm
1001,6nS5roXSAGhTGr34W6n7Et,Disclosure,spotify:artist:6nS5roXSAGhTGr34W6n7Et,https://open.spotify.com/artist/6nS5roXSAGhTGr34W6n7Et
1003,4NHQUGzhtTLFvgF5SZesLK,Tove Lo,spotify:artist:4NHQUGzhtTLFvgF5SZesLK,https://open.spotify.com/artist/4NHQUGzhtTLFvgF5SZesLK
1025,6xfqnpe2HnLVUaYXs2F8YS,Anna Kendrick,spotify:artist:6xfqnpe2HnLVUaYXs2F8YS,https://open.spotify.com/artist/6xfqnpe2HnLVUaYXs2F8YS
1031,00FQb4jTyendYWaN8pK0wa,Lana Del Rey,spotify:artist:00FQb4jTyendYWaN8pK0wa,https://open.spotify.com/artist/00FQb4jTyendYWaN8pK0wa
1038,34v5MVKeQnIo0CWYMbbrPf,John Newman,spotify:artist:34v5MVKeQnIo0CWYMbbrPf,https://open.spotify.com/artist/34v5MVKeQnIo0CWYMbbrPf
1040,73Np75Wv2tju61Eo9Zw4IR,Idina Menzel,spotify:artist:73Np75Wv2tju61Eo9Zw4IR,https://open.spotify.com/artist/73Np75Wv2tju61Eo9Zw4IR
1044,4gwpcMTbLWtBUlOijbVpuu,Capital Cities,spotify:artist:4gwpcMTbLWtBUlOijbVpuu,https://open.spotify.com/artist/4gwpcMTbLWtBUlOijbVpuu
1046,1hzfo8twXdOegF3xireCYs,Milky Chance,spotify:artist:1hzfo8twXdOegF3xireCYs,https://open.spotify.com/artist/1hzfo8twXdOegF3xireCYs
1047,7Ln80lUS6He07XvHI8qqHH,Arctic Monkeys,spotify:artist:7Ln80lUS6He07XvHI8qqHH,https://open.spotify.com/artist/7Ln80lUS6He07XvHI8qqHH
1053,7FY5V3XMwlNBPitEjXowHQ,Darius Rucker,spotify:artist:7FY5V3XMwlNBPitEjXowHQ,https://open.spotify.com/artist/7FY5V3XMwlNBPitEjXowHQ
1058,3N4FiTxpPQRsrihmTMN349,Marcus & Martinus,spotify:artist:3N4FiTxpPQRsrihmTMN349,https://open.spotify.com/artist/3N4FiTxpPQRsrihmTMN349
1062,74KM79TiuVKeVCqs8QtB0B,Sabrina Carpenter,spotify:artist:74KM79TiuVKeVCqs8QtB0B,https://open.spotify.com/artist/74KM79TiuVKeVCqs8QtB0B
1063,3mIj9lX2MWuHmhNCA7LSCW,The 1975,spotify:artist:3mIj9lX2MWuHmhNCA7LSCW,https://open.spotify.com/artist/3mIj9lX2MWuHmhNCA7LSCW
1069,77AiFEVeAVj2ORpC85QVJs,Steve Aoki,spotify:artist:77AiFEVeAVj2ORpC85QVJs,https://open.spotify.com/artist/77AiFEVeAVj2ORpC85QVJs
1073,188VINPQh5dyNfLUkevKqf,Olivia Holt,spotify:artist:188VINPQh5dyNfLUkevKqf,https://open.spotify.com/artist/188VINPQh5dyNfLUkevKqf
1074,55fhWPvDiMpLnE4ZzNXZyW,Noah Cyrus,spotify:artist:55fhWPvDiMpLnE4ZzNXZyW,https://open.spotify.com/artist/55fhWPvDiMpLnE4ZzNXZyW
1089,1yqxFtPHKcGcv6SXZNdyT9,MK,spotify:artist:1yqxFtPHKcGcv6SXZNdyT9,https://open.spotify.com/artist/1yqxFtPHKcGcv6SXZNdyT9
1090,0SfsnGyD8FpIN4U4WCkBZ5,Armin van Buuren,spotify:artist:0SfsnGyD8FpIN4U4WCkBZ5,https://open.spotify.com/artist/0SfsnGyD8FpIN4U4WCkBZ5
1091,4WFtYn5RyU8VGPpPyW9Pxw,M-22,spotify:artist:4WFtYn5RyU8VGPpPyW9Pxw,https://open.spotify.com/artist/4WFtYn5RyU8VGPpPyW9Pxw
1093,6n28c9qs9hNGriNa72b26u,PNAU,spotify:artist:6n28c9qs9hNGriNa72b26u,https://open.spotify.com/artist/6n28c9qs9hNGriNa72b26u
1096,4Q6nIcaBED8qUel8bBx6Cr,Jax Jones,spotify:artist:4Q6nIcaBED8qUel8bBx6Cr,https://open.spotify.com/artist/4Q6nIcaBED8qUel8bBx6Cr
1101,5waIYqZSsMaTQqdL4QnqyR,Boye & Sigvardt,spotify:artist:5waIYqZSsMaTQqdL4QnqyR,https://open.spotify.com/artist/5waIYqZSsMaTQqdL4QnqyR
1104,0deIjoDjl9g9Zpw0sCIOHh,Valentino Khan,spotify:artist:0deIjoDjl9g9Zpw0sCIOHh,https://open.spotify.com/artist/0deIjoDjl9g9Zpw0sCIOHh
1105,0jNDKefhfSbLR9sFvcPLHo,San Holo,spotify:artist:0jNDKefhfSbLR9sFvcPLHo,https://open.spotify.com/artist/0jNDKefhfSbLR9sFvcPLHo
1108,1C60viSZv6BoYtrnkZ44g5,Nadia Ali,spotify:artist:1C60viSZv6BoYtrnkZ44g5,https://open.spotify.com/artist/1C60viSZv6BoYtrnkZ44g5
1109,6TQj5BFPooTa08A7pk8AQ1,Kaskade,spotify:artist:6TQj5BFPooTa08A7pk8AQ1,https://open.spotify.com/artist/6TQj5BFPooTa08A7pk8AQ1
1110,5fMUXHkw8R8eOP2RNVYEZX,Diplo,spotify:artist:5fMUXHkw8R8eOP2RNVYEZX,https://open.spotify.com/artist/5fMUXHkw8R8eOP2RNVYEZX
1111,7yKYcY9cyMNgynj4QzGrCq,Lotus x Montis,spotify:artist:7yKYcY9cyMNgynj4QzGrCq,https://open.spotify.com/artist/7yKYcY9cyMNgynj4QzGrCq
1114,2j3ss5ZwVoRqRuDWHP7U5P,Andy Bianchini,spotify:artist:2j3ss5ZwVoRqRuDWHP7U5P,https://open.spotify.com/artist/2j3ss5ZwVoRqRuDWHP7U5P
1115,1bj5GrcLom5gZFF5t949Xl,Martin Solveig,spotify:artist:1bj5GrcLom5gZFF5t949Xl,https://open.spotify.com/artist/1bj5GrcLom5gZFF5t949Xl
1122,1127FlmEDHXC26IBsg8zHP,Thomas Hayes,spotify:artist:1127FlmEDHXC26IBsg8zHP,https://open.spotify.com/artist/1127FlmEDHXC26IBsg8zHP
1123,10gzBoINW3cLJfZUka8Zoe,Above & Beyond,spotify:artist:10gzBoINW3cLJfZUka8Zoe,https://open.spotify.com/artist/10gzBoINW3cLJfZUka8Zoe
1124,5fahUm8t5c0GIdeTq0ZaG8,Otto Knows,spotify:artist:5fahUm8t5c0GIdeTq0ZaG8,https://open.spotify.com/artist/5fahUm8t5c0GIdeTq0ZaG8
1126,3iOvXCl6edW5Um0fXEBRXy,The xx,spotify:artist:3iOvXCl6edW5Um0fXEBRXy,https://open.spotify.com/artist/3iOvXCl6edW5Um0fXEBRXy
1130,3gk0OYeLFWYupGFRHqLSR7,Showtek,spotify:artist:3gk0OYeLFWYupGFRHqLSR7,https://open.spotify.com/artist/3gk0OYeLFWYupGFRHqLSR7
1131,6nxWCVXbOlEVRexSbLsTer,Flume,spotify:artist:6nxWCVXbOlEVRexSbLsTer,https://open.spotify.com/artist/6nxWCVXbOlEVRexSbLsTer
1132,4YLQaW1UU3mrVetC8gNkg5,3LAU,spotify:artist:4YLQaW1UU3mrVetC8gNkg5,https://open.spotify.com/artist/4YLQaW1UU3mrVetC8gNkg5
1134,4OBJLual30L7gRl5UkeRcT,T.I.,spotify:artist:4OBJLual30L7gRl5UkeRcT,https://open.spotify.com/artist/4OBJLual30L7gRl5UkeRcT
1136,5K4W6rqBFWDnAN6FQUkS6x,Kanye West,spotify:artist:5K4W6rqBFWDnAN6FQUkS6x,https://open.spotify.com/artist/5K4W6rqBFWDnAN6FQUkS6x
1142,0Chxmm4XMM87mJOHvyiUzL,Kevin Rudolf,spotify:artist:0Chxmm4XMM87mJOHvyiUzL,https://open.spotify.com/artist/0Chxmm4XMM87mJOHvyiUzL
1146,0zOcE3mg9nS6l3yxt1Y0bK,The Fray,spotify:artist:0zOcE3mg9nS6l3yxt1Y0bK,https://open.spotify.com/artist/0zOcE3mg9nS6l3yxt1Y0bK
1153,7LnaAXbDVIL75IVPnndf7w,Jamie Foxx,spotify:artist:7LnaAXbDVIL75IVPnndf7w,https://open.spotify.com/artist/7LnaAXbDVIL75IVPnndf7w
1155,2NdeV5rLm47xAvogXrYhJX,Ciara,spotify:artist:2NdeV5rLm47xAvogXrYhJX,https://open.spotify.com/artist/2NdeV5rLm47xAvogXrYhJX
1161,0SCbttzoZTnLFebDYmAWCm,Glee Cast,spotify:artist:0SCbttzoZTnLFebDYmAWCm,https://open.spotify.com/artist/0SCbttzoZTnLFebDYmAWCm
1163,63wjoROpeh5f11Qm93UiJ1,Keri Hilson,spotify:artist:63wjoROpeh5f11Qm93UiJ1,https://open.spotify.com/artist/63wjoROpeh5f11Qm93UiJ1
1168,7nU4hB040gTmHm45YYMvqc,Hannah Montana,spotify:artist:7nU4hB040gTmHm45YYMvqc,https://open.spotify.com/artist/7nU4hB040gTmHm45YYMvqc
1169,2qk9voo8llSGYcZ6xrBzKx,Kings of Leon,spotify:artist:2qk9voo8llSGYcZ6xrBzKx,https://open.spotify.com/artist/2qk9voo8llSGYcZ6xrBzKx
1171,4pADjHPWyrlAF0FA7joK2H,Jay Sean,spotify:artist:4pADjHPWyrlAF0FA7joK2H,https://open.spotify.com/artist/4pADjHPWyrlAF0FA7joK2H
1174,4gcD0Nw2LOE8XoTFYHwENl,Explosion Productions,spotify:artist:4gcD0Nw2LOE8XoTFYHwENl,https://open.spotify.com/artist/4gcD0Nw2LOE8XoTFYHwENl
1188,32WkQRZEVKSzVAAYqukAEA,Lady Antebellum,spotify:artist:32WkQRZEVKSzVAAYqukAEA,https://open.spotify.com/artist/32WkQRZEVKSzVAAYqukAEA
1192,5Y5TRrQiqgUO4S36tzjIRZ,Timbaland,spotify:artist:5Y5TRrQiqgUO4S36tzjIRZ,https://open.spotify.com/artist/5Y5TRrQiqgUO4S36tzjIRZ
1198,0niJkG4tKkne3zwr7I8n9n,Finger Eleven,spotify:artist:0niJkG4tKkne3zwr7I8n9n,https://open.spotify.com/artist/0niJkG4tKkne3zwr7I8n9n
1199,5P2rwRBgIN450RaJxdjYdA,Kardinal Offishall,spotify:artist:5P2rwRBgIN450RaJxdjYdA,https://open.spotify.com/artist/5P2rwRBgIN450RaJxdjYdA
1200,7vXwfZyDp3spzIVNXDaTPN,Metro Station,spotify:artist:7vXwfZyDp3spzIVNXDaTPN,https://open.spotify.com/artist/7vXwfZyDp3spzIVNXDaTPN
1202,0QJIPDAEDILuo8AIq3pMuU,M.I.A.,spotify:artist:0QJIPDAEDILuo8AIq3pMuU,https://open.spotify.com/artist/0QJIPDAEDILuo8AIq3pMuU
1208,0C0XlULifJtAgn6ZNCW2eu,The Killers,spotify:artist:0C0XlULifJtAgn6ZNCW2eu,https://open.spotify.com/artist/0C0XlULifJtAgn6ZNCW2eu
1225,3rWZHrfrsPBxVy692yAIxF,WILLOW,spotify:artist:3rWZHrfrsPBxVy692yAIxF,https://open.spotify.com/artist/3rWZHrfrsPBxVy692yAIxF
1226,7H55rcKCfwqkyDFH9wpKM6,Christina Perri,spotify:artist:7H55rcKCfwqkyDFH9wpKM6,https://open.spotify.com/artist/7H55rcKCfwqkyDFH9wpKM6
1230,5nCi3BB41mBaMH9gfr6Su0,fun.,spotify:artist:5nCi3BB41mBaMH9gfr6Su0,https://open.spotify.com/artist/5nCi3BB41mBaMH9gfr6Su0
1248,6r20qOqY7qDWI0PPTxVMlC,DJ Fresh,spotify:artist:6r20qOqY7qDWI0PPTxVMlC,https://open.spotify.com/artist/6r20qOqY7qDWI0PPTxVMlC
1249,4uRYpUQZrNrY5t8tAv3XrD,NERO,spotify:artist:4uRYpUQZrNrY5t8tAv3XrD,https://open.spotify.com/artist/4uRYpUQZrNrY5t8tAv3XrD
1257,5Tf4EH8tDvznnjULcFxkIl,Alex Clare,spotify:artist:5Tf4EH8tDvznnjULcFxkIl,https://open.spotify.com/artist/5Tf4EH8tDvznnjULcFxkIl
1271,3gd8FJtBJtkRxdfbTu19U2,Mumford & Sons,spotify:artist:3gd8FJtBJtkRxdfbTu19U2,https://open.spotify.com/artist/3gd8FJtBJtkRxdfbTu19U2
1277,7sfgqEdoeBTjd8lQsPT3Cy,Emeli Sandé,spotify:artist:7sfgqEdoeBTjd8lQsPT3Cy,https://open.spotify.com/artist/7sfgqEdoeBTjd8lQsPT3Cy
1285,25fqWEebq6PoiGQIHIrdtv,Baauer,spotify:artist:25fqWEebq6PoiGQIHIrdtv,https://open.spotify.com/artist/25fqWEebq6PoiGQIHIrdtv
1290,4njdEjTnLfcGImKZu1iSrz,AWOLNATION,spotify:artist:4njdEjTnLfcGImKZu1iSrz,https://open.spotify.com/artist/4njdEjTnLfcGImKZu1iSrz
1294,1VBflYyxBhnDc9uVib98rw,Icona Pop,spotify:artist:1VBflYyxBhnDc9uVib98rw,https://open.spotify.com/artist/1VBflYyxBhnDc9uVib98rw
1295,0Cd6nHYwecCNM1sVEXKlYr,Krewella,spotify:artist:0Cd6nHYwecCNM1sVEXKlYr,https://open.spotify.com/artist/0Cd6nHYwecCNM1sVEXKlYr
1304,6FBDaR13swtiWwGhX1WQsP,blink-182,spotify:artist:6FBDaR13swtiWwGhX1WQsP,https://open.spotify.com/artist/6FBDaR13swtiWwGhX1WQsP
1308,1GLtl8uqKmnyCWxHmw9tL4,The Kooks,spotify:artist:1GLtl8uqKmnyCWxHmw9tL4,https://open.spotify.com/artist/1GLtl8uqKmnyCWxHmw9tL4
1314,6Q192DXotxtaysaqNPy5yR,Amy Winehouse,spotify:artist:6Q192DXotxtaysaqNPy5yR,https://open.spotify.com/artist/6Q192DXotxtaysaqNPy5yR
1323,0gusqTJKxtU1UTmNRMHZcv,Dizzee Rascal,spotify:artist:0gusqTJKxtU1UTmNRMHZcv,https://open.spotify.com/artist/0gusqTJKxtU1UTmNRMHZcv
1325,3Z6IRCo7umuk8K2XQy0ZDj,Busted,spotify:artist:3Z6IRCo7umuk8K2XQy0ZDj,https://open.spotify.com/artist/3Z6IRCo7umuk8K2XQy0ZDj
1326,2Q3eZMfDQgT8MhPowKFXYO,t.A.T.u.,spotify:artist:2Q3eZMfDQgT8MhPowKFXYO,https://open.spotify.com/artist/2Q3eZMfDQgT8MhPowKFXYO
1327,73sIBHcqh3Z3NyqHKZ7FOL,Childish Gambino,spotify:artist:73sIBHcqh3Z3NyqHKZ7FOL,https://open.spotify.com/artist/73sIBHcqh3Z3NyqHKZ7FOL
1329,1kM5rgJvkiDMOoKX56H6pX,S Club 7,spotify:artist:1kM5rgJvkiDMOoKX56H6pX,https://open.spotify.com/artist/1kM5rgJvkiDMOoKX56H6pX
1330,0IF46mUS8NXjgHabxk2MCM,Kelis,spotify:artist:0IF46mUS8NXjgHabxk2MCM,https://open.spotify.com/artist/0IF46mUS8NXjgHabxk2MCM
1336,2mxe0TnaNL039ysAj51xPQ,R. Kelly,spotify:artist:2mxe0TnaNL039ysAj51xPQ,https://open.spotify.com/artist/2mxe0TnaNL039ysAj51xPQ
1341,6TIYQ3jFPwQSRmorSezPxX,Machine Gun Kelly,spotify:artist:6TIYQ3jFPwQSRmorSezPxX,https://open.spotify.com/artist/6TIYQ3jFPwQSRmorSezPxX
1344,4BzCdhJTyTS3gumq9xmymb,ayokay,spotify:artist:4BzCdhJTyTS3gumq9xmymb,https://open.spotify.com/artist/4BzCdhJTyTS3gumq9xmymb
1345,4bthk9UfsYUYdcFyqxmSUU,Tears For Fears,spotify:artist:4bthk9UfsYUYdcFyqxmSUU,https://open.spotify.com/artist/4bthk9UfsYUYdcFyqxmSUU
1346,2RdwBSPQiwcmiDo9kixcl8,Pharrell Williams,spotify:artist:2RdwBSPQiwcmiDo9kixcl8,https://open.spotify.com/artist/2RdwBSPQiwcmiDo9kixcl8
1364,2LJxr7Pt3JnP60eLxwbDOu,Mandy Moore,spotify:artist:2LJxr7Pt3JnP60eLxwbDOu,https://open.spotify.com/artist/2LJxr7Pt3JnP60eLxwbDOu
1381,4kI8Ie27vjvonwaB2ePh8T,Portugal. The Man,spotify:artist:4kI8Ie27vjvonwaB2ePh8T,https://open.spotify.com/artist/4kI8Ie27vjvonwaB2ePh8T
1383,6s22t5Y3prQHyaHWUN1R1C,AJR,spotify:artist:6s22t5Y3prQHyaHWUN1R1C,https://open.spotify.com/artist/6s22t5Y3prQHyaHWUN1R1C
1384,26AHtbjWKiwYzsoGoUZq53,Pentatonix,spotify:artist:26AHtbjWKiwYzsoGoUZq53,https://open.spotify.com/artist/26AHtbjWKiwYzsoGoUZq53
1389,6XpaIBNiVzIetEPCWDvAFP,Whitney Houston,spotify:artist:6XpaIBNiVzIetEPCWDvAFP,https://open.spotify.com/artist/6XpaIBNiVzIetEPCWDvAFP
1392,7pGyQZx9thVa8GxMBeXscB,K'NAAN,spotify:artist:7pGyQZx9thVa8GxMBeXscB,https://open.spotify.com/artist/7pGyQZx9thVa8GxMBeXscB
1404,6oMuImdp5ZcFhWP0ESe6mG,Migos,spotify:artist:6oMuImdp5ZcFhWP0ESe6mG,https://open.spotify.com/artist/6oMuImdp5ZcFhWP0ESe6mG
1412,0FOWNUFHPnMy0vOw1siGqi,Belly,spotify:artist:0FOWNUFHPnMy0vOw1siGqi,https://open.spotify.com/artist/0FOWNUFHPnMy0vOw1siGqi
1421,1S9WGrK7SZfXXQtHBYzDle,Sammy Adams,spotify:artist:1S9WGrK7SZfXXQtHBYzDle,https://open.spotify.com/artist/1S9WGrK7SZfXXQtHBYzDle
1422,4BYxqVkZyFjtik7crYLg5Q,Chris Young,spotify:artist:4BYxqVkZyFjtik7crYLg5Q,https://open.spotify.com/artist/4BYxqVkZyFjtik7crYLg5Q
1423,6dn6x1XOng3LOAnfTjUn77,AJ Mitchell,spotify:artist:6dn6x1XOng3LOAnfTjUn77,https://open.spotify.com/artist/6dn6x1XOng3LOAnfTjUn77
1424,63CZNEytugjFnZBdjBmWc8,COTIS,spotify:artist:63CZNEytugjFnZBdjBmWc8,https://open.spotify.com/artist/63CZNEytugjFnZBdjBmWc8
1425,5wPoxI5si3eJsYYwyXV4Wi,N.E.R.D,spotify:artist:5wPoxI5si3eJsYYwyXV4Wi,https://open.spotify.com/artist/5wPoxI5si3eJsYYwyXV4Wi
1426,1HQGhla3VNj1dBmKTtVT2t,Ookay,spotify:artist:1HQGhla3VNj1dBmKTtVT2t,https://open.spotify.com/artist/1HQGhla3VNj1dBmKTtVT2t
1439,2ht3wxeT69CzyKFChNnNAB,Big Boi,spotify:artist:2ht3wxeT69CzyKFChNnNAB,https://open.spotify.com/artist/2ht3wxeT69CzyKFChNnNAB
1440,5kuJibJcwOC53s3OkoGMRA,The Revivalists,spotify:artist:5kuJibJcwOC53s3OkoGMRA,https://open.spotify.com/artist/5kuJibJcwOC53s3OkoGMRA
1441,3oSJ7TBVCWMDMiYjXNiCKE,Kane Brown,spotify:artist:3oSJ7TBVCWMDMiYjXNiCKE,https://open.spotify.com/artist/3oSJ7TBVCWMDMiYjXNiCKE
1448,7f5Zgnp2spUuuzKplmRkt7,Lost Frequencies,spotify:artist:7f5Zgnp2spUuuzKplmRkt7,https://open.spotify.com/artist/7f5Zgnp2spUuuzKplmRkt7
1449,0988g1pgIlWAKBVf3DQ7db,LemonGrass,spotify:artist:0988g1pgIlWAKBVf3DQ7db,https://open.spotify.com/artist/0988g1pgIlWAKBVf3DQ7db
1454,0eecdvMrqBftK0M1VKhaF4,CNCO,spotify:artist:0eecdvMrqBftK0M1VKhaF4,https://open.spotify.com/artist/0eecdvMrqBftK0M1VKhaF4
1456,5e4Dhzv426EvQe3aDb64jL,Shania Twain,spotify:artist:5e4Dhzv426EvQe3aDb64jL,https://open.spotify.com/artist/5e4Dhzv426EvQe3aDb64jL
1469,3t5xRXzsuZmMDkQzgOX35S,Robin Schulz,spotify:artist:3t5xRXzsuZmMDkQzgOX35S,https://open.spotify.com/artist/3t5xRXzsuZmMDkQzgOX35S
1481,1IueXOQyABrMOprrzwQJWN,Sigala,spotify:artist:1IueXOQyABrMOprrzwQJWN,https://open.spotify.com/artist/1IueXOQyABrMOprrzwQJWN
